Title,Compani,Address
"SQL BI (SSRS, SSIS) developer for Blackboard - NYC",LanceSoft Inc,"New york, WA"
Python Developer,LanceSoft Inc,"Woodlands, WA"
"Junior QA Analyst - Melbourne, Victoria",Mediaocean,"Melbourne, VIC"
Test Analyst,Dialog Group,"Canberra, ACT"
Test Consultant,Dialog Group,"Brisbane, QLD"
"Customer Experience Technical Analyst - Sydney, New South Wales",Mediaocean,"Sydney, NSW"
Senior Practice Manager - IES (WA),Blue Ocean Ventures,"New York, WA"
Enterprise Account Executive,Zuora,"Sydney, NSW"
Senior Automation Tester,Dialog Group,"Canberra, ACT"
Software Developer (C# / ASP.NET) - Healthcare Software Company,CyberCoders,"Chesterfield, MO"
